Workbook

Sheet Row Level Master Sheet
A1: CampaignID | B1: CampaignName | C1: Type | D1: Region | E1: Industry | F1: Spend | G1: Impressions | H1: Clicks | I1: Conversions | J1: Revenue | K1: ROI | L1: Digital ROI | M1: Traditional ROI | N1: Data Quality Check
A2: 753 | B2: Email Marketing | C2: Digital | D2: Oceania | E2: Retail | F2: 8114.63 | G2: 890214 | H2: 10438 | I2: 163 | J2: 6491.704 | K2: =(J2-F2)/F2 -> -0.2 | L2: =IF(C2="Digital",K2,"") -> -0.2 | M2: =IF(C2="Traditional",K2,"") | N2: =IF(H2>G2,"ERROR: Clicks > Impressions",IF(I2>H2,"ERROR: Conversions > Clicks","OK")) -> OK
A3: 818 | B3: TV Commercials | C3: Traditional | D3: South America | E3: Automotive | F3: 3072.3 | G3: 721413 | H3: 3065 | I3: 744 | J3: 2457.84 | K3: =(J3-F3)/F3 -> -0.2 | L3: =IF(C3="Digital",K3,"") | M3: =IF(C3="Traditional",K3,"") -> -0.2 | N3: =IF(H3>G3,"ERROR: Clicks > Impressions",IF(I3>H3,"ERROR: Conversions > Clicks","OK")) -> OK
A4: 44 | B4: Content Marketing | C4: Digital | D4: North America | E4: Healthcare | F4: 13663.15 | G4: 422918 | H4: 10106 | I4: 1359 | J4: 10930.52 | K4: =(J4-F4)/F4 -> -0.2 | L4: =IF(C4="Digital",K4,"") -> -0.2 | M4: =IF(C4="Traditional",K4,"") | N4: =IF(H4>G4,"ERROR: Clicks > Impressions",IF(I4>H4,"ERROR: Conversions > Clicks","OK")) -> OK
A5: 604 | B5: Billboards | C5: Traditional | D5: Africa | E5: Automotive | F5: 48895.15 | G5: 408499 | H5: 10068 | I5: 73 | J5: 39605.071 | K5: =(J5-F5)/F5 -> -0.19 | L5: =IF(C5="Digital",K5,"") | M5: =IF(C5="Traditional",K5,"") -> -0.19 | N5: =IF(H5>G5,"ERROR: Clicks > Impressions",IF(I5>H5,"ERROR: Conversions > Clicks","OK")) -> OK
A6: 779 | B6: Content Marketing | C6: Digital | D6: South America | E6: Finance | F6: 23695.46 | G6: 361181 | H6: 5977 | I6: 76 | J6: 19193.323 | K6: =(J6-F6)/F6 -> -0.19 | L6: =IF(C6="Digital",K6,"") -> -0.19 | M6: =IF(C6="Traditional",K6,"") | N6: =IF(H6>G6,"ERROR: Clicks > Impressions",IF(I6>H6,"ERROR: Conversions > Clicks","OK")) -> OK
A7: 244 | B7: Social Media Ads | C7: Digital | D7: Europe | E7: Tech | F7: 33545.21 | G7: 823560 | H7: 5557 | I7: 466 | J7: 27171.62 | K7: =(J7-F7)/F7 -> -0.19 | L7: =IF(C7="Digital",K7,"") -> -0.19 | M7: =IF(C7="Traditional",K7,"") | N7: =IF(H7>G7,"ERROR: Clicks > Impressions",IF(I7>H7,"ERROR: Conversions > Clicks","OK")) -> OK
A8: 498 | B8: Search Engine Ads | C8: Digital | D8: Oceania | E8: Retail | F8: 41092.13 | G8: 61707 | H8: 17670 | I8: 490 | J8: 33284.625 | K8: =(J8-F8)/F8 -> -0.19 | L8: =IF(C8="Digital",K8,"") -> -0.19 | M8: =IF(C8="Traditional",K8,"") | N8: =IF(H8>G8,"ERROR: Clicks > Impressions",IF(I8>H8,"ERROR: Conversions > Clicks","OK")) -> OK
A9: 757 | B9: Email Marketing | C9: Digital | D9: Asia | E9: Retail | F9: 43306.64 | G9: 173187 | H9: 6648 | I9: 152 | J9: 35078.378 | K9: =(J9-F9)/F9 -> -0.19 | L9: =IF(C9="Digital",K9,"") -> -0.19 | M9: =IF(C9="Traditional",K9,"") | N9: =IF(H9>G9,"ERROR: Clicks > Impressions",IF(I9>H9,"ERROR: Conversions > Clicks","OK")) -> OK
A10: 745 | B10: TV Commercials | C10: Traditional | D10: North America | E10: Education | F10: 1298.35 | G10: 909485 | H10: 817 | I10: 488 | J10: 1051.6635 | K10: =(J10-F10)/F10 -> -0.19 | L10: =IF(C10="Digital",K10,"") | M10: =IF(C10="Traditional",K10,"") -> -0.19 | N10: =IF(H10>G10,"ERROR: Clicks > Impressions",IF(I10>H10,"ERROR: Conversions > Clicks","OK")) -> OK | T10: Correlation: Spend vs ROI
A11: 793 | B11: Influencer Marketing | C11: Digital | D11: North America | E11: Healthcare | F11: 20719.89 | G11: 341310 | H11: 13474 | I11: 1197 | J11: 16990.31 | K11: =(J11-F11)/F11 -> -0.18 | L11: =IF(C11="Digital",K11,"") -> -0.18 | M11: =IF(C11="Traditional",K11,"") | N11: =IF(H11>G11,"ERROR: Clicks > Impressions",IF(I11>H11,"ERROR: Conversions > Clicks","OK")) -> OK | T11: =CORREL(F2:F1001, K2:K1001) -> 0.035818744
A12: 929 | B12: Billboards | C12: Traditional | D12: Asia | E12: Education | F12: 28503.38 | G12: 55095 | H12: 7306 | I12: 188 | J12: 23372.772 | K12: =(J12-F12)/F12 -> -0.18 | L12: =IF(C12="Digital",K12,"") | M12: =IF(C12="Traditional",K12,"") -> -0.18 | N12: =IF(H12>G12,"ERROR: Clicks > Impressions",IF(I12>H12,"ERROR: Conversions > Clicks","OK")) -> OK
A13: 141 | B13: Content Marketing | C13: Digital | D13: Oceania | E13: Tech | F13: 19199.68 | G13: 335497 | H13: 13978 | I13: 1662 | J13: 15743.738 | K13: =(J13-F13)/F13 -> -0.18 | L13: =IF(C13="Digital",K13,"") -> -0.18 | M13: =IF(C13="Traditional",K13,"") | N13: =IF(H13>G13,"ERROR: Clicks > Impressions",IF(I13>H13,"ERROR: Conversions > Clicks","OK")) -> OK
A14: 462 | B14: Influencer Marketing | C14: Digital | D14: Europe | E14: Retail | F14: 39550.77 | G14: 145189 | H14: 5466 | I14: 1733 | J14: 32431.631 | K14: =(J14-F14)/F14 -> -0.18 | L14: =IF(C14="Digital",K14,"") -> -0.18 | M14: =IF(C14="Traditional",K14,"") | N14: =IF(H14>G14,"ERROR: Clicks > Impressions",IF(I14>H14,"ERROR: Conversions > Clicks","OK")) -> OK | S14: SEARCH FOR A CAMPAIGN
A15: 600 | B15: Billboards | C15: Traditional | D15: Europe | E15: Education | F15: 6157.7 | G15: 863329 | H15: 16555 | I15: 74 | J15: 5049.314 | K15: =(J15-F15)/F15 -> -0.18 | L15: =IF(C15="Digital",K15,"") | M15: =IF(C15="Traditional",K15,"") -> -0.18 | N15: =IF(H15>G15,"ERROR: Clicks > Impressions",IF(I15>H15,"ERROR: Conversions > Clicks","OK")) -> OK
A16: 694 | B16: Search Engine Ads | C16: Digital | D16: Europe | E16: Tech | F16: 24347.69 | G16: 335203 | H16: 17931 | I16: 1978 | J16: 19965.106 | K16: =(J16-F16)/F16 -> -0.18 | L16: =IF(C16="Digital",K16,"") -> -0.18 | M16: =IF(C16="Traditional",K16,"") | N16: =IF(H16>G16,"ERROR: Clicks > Impressions",IF(I16>H16,"ERROR: Conversions > Clicks","OK")) -> OK | S16: Enter Campaign ID: | T16: 865
A17: 619 | B17: Radio Ads | C17: Traditional | D17: South America | E17: Finance | F17: 24226.31 | G17: 33248 | H17: 7028 | I17: 624 | J17: 20107.837 | K17: =(J17-F17)/F17 -> -0.17 | L17: =IF(C17="Digital",K17,"") | M17: =IF(C17="Traditional",K17,"") -> -0.17 | N17: =IF(H17>G17,"ERROR: Clicks > Impressions",IF(I17>H17,"ERROR: Conversions > Clicks","OK")) -> OK
A18: 997 | B18: Social Media Ads | C18: Digital | D18: South America | E18: Finance | F18: 20246.9 | G18: 298213 | H18: 4154 | I18: 1535 | J18: 16804.927 | K18: =(J18-F18)/F18 -> -0.17 | L18: =IF(C18="Digital",K18,"") -> -0.17 | M18: =IF(C18="Traditional",K18,"") | N18: =IF(H18>G18,"ERROR: Clicks > Impressions",IF(I18>H18,"ERROR: Conversions > Clicks","OK")) -> OK | S18: Campaign Name: | T18: {=IFERROR(TRANSPOSE(INDEX(A2:M1001,MATCH(T16,A2:A1001,0),{2,4,5,6,11})),"Not Found")} -> Search Engine Ads
A19: 276 | B19: Search Engine Ads | C19: Digital | D19: Oceania | E19: Education | F19: 40118.87 | G19: 532552 | H19: 17260 | I19: 1072 | J19: 33298.662 | K19: =(J19-F19)/F19 -> -0.17 | L19: =IF(C19="Digital",K19,"") -> -0.17 | M19: =IF(C19="Traditional",K19,"") | N19: =IF(H19>G19,"ERROR: Clicks > Impressions",IF(I19>H19,"ERROR: Conversions > Clicks","OK")) -> OK | S19: Region: | T19: South America
A20: 553 | B20: Influencer Marketing | C20: Digital | D20: Europe | E20: Tech | F20: 22993.8 | G20: 341356 | H20: 11560 | I20: 1308 | J20: 19084.854 | K20: =(J20-F20)/F20 -> -0.17 | L20: =IF(C20="Digital",K20,"") -> -0.17 | M20: =IF(C20="Traditional",K20,"") | N20: =IF(H20>G20,"ERROR: Clicks > Impressions",IF(I20>H20,"ERROR: Conversions > Clicks","OK")) -> OK | S20: Industry: | T20: Tech
A21: 98 | B21: Search Engine Ads | C21: Digital | D21: Asia | E21: Automotive | F21: 34240.56 | G21: 990547 | H21: 15033 | I21: 444 | J21: 28419.665 | K21: =(J21-F21)/F21 -> -0.17 | L21: =IF(C21="Digital",K21,"") -> -0.17 | M21: =IF(C21="Traditional",K21,"") | N21: =IF(H21>G21,"ERROR: Clicks > Impressions",IF(I21>H21,"ERROR: Conversions > Clicks","OK")) -> OK | S21: Spend: | T21: 5181.73
A22: 369 | B22: TV Commercials | C22: Traditional | D22: Europe | E22: Healthcare | F22: 43452.94 | G22: 842721 | H22: 5950 | I22: 512 | J22: 36500.47 | K22: =(J22-F22)/F22 -> -0.16 | L22: =IF(C22="Digital",K22,"") | M22: =IF(C22="Traditional",K22,"") -> -0.16 | N22: =IF(H22>G22,"ERROR: Clicks > Impressions",IF(I22>H22,"ERROR: Conversions > Clicks","OK")) -> OK | S22: ROI: | T22: 1.35
A23: 126 | B23: Content Marketing | C23: Digital | D23: South America | E23: Automotive | F23: 30505.14 | G23: 397699 | H23: 13381 | I23: 1976 | J23: 25624.318 | K23: =(J23-F23)/F23 -> -0.16 | L23: =IF(C23="Digital",K23,"") -> -0.16 | M23: =IF(C23="Traditional",K23,"") | N23: =IF(H23>G23,"ERROR: Clicks > Impressions",IF(I23>H23,"ERROR: Conversions > Clicks","OK")) -> OK
A24: 304 | B24: Billboards | C24: Traditional | D24: Africa | E24: Healthcare | F24: 36899.13 | G24: 139887 | H24: 14780 | I24: 1745 | J24: 30995.269 | K24: =(J24-F24)/F24 -> -0.16 | L24: =IF(C24="Digital",K24,"") | M24: =IF(C24="Traditional",K24,"") -> -0.16 | N24: =IF(H24>G24,"ERROR: Clicks > Impressions",IF(I24>H24,"ERROR: Conversions > Clicks","OK")) -> OK
A25: 671 | B25: Social Media Ads | C25: Digital | D25: Oceania | E25: Automotive | F25: 23872.32 | G25: 148368 | H25: 2518 | I25: 1108 | J25: 20052.749 | K25: =(J25-F25)/F25 -> -0.16 | L25: =IF(C25="Digital",K25,"") -> -0.16 | M25: =IF(C25="Traditional",K25,"") | N25: =IF(H25>G25,"ERROR: Clicks > Impressions",IF(I25>H25,"ERROR: Conversions > Clicks","OK")) -> OK
A26: 947 | B26: Influencer Marketing | C26: Digital | D26: Asia | E26: Retail | F26: 27401.84 | G26: 450880 | H26: 5347 | I26: 1791 | J26: 23017.546 | K26: =(J26-F26)/F26 -> -0.16 | L26: =IF(C26="Digital",K26,"") -> -0.16 | M26: =IF(C26="Traditional",K26,"") | N26: =IF(H26>G26,"ERROR: Clicks > Impressions",IF(I26>H26,"ERROR: Conversions > Clicks","OK")) -> OK
A27: 895 | B27: Search Engine Ads | C27: Digital | D27: South America | E27: Education | F27: 19746.44 | G27: 526479 | H27: 2637 | I27: 527 | J27: 16587.01 | K27: =(J27-F27)/F27 -> -0.16 | L27: =IF(C27="Digital",K27,"") -> -0.16 | M27: =IF(C27="Traditional",K27,"") | N27: =IF(H27>G27,"ERROR: Clicks > Impressions",IF(I27>H27,"ERROR: Conversions > Clicks","OK")) -> OK
A28: 582 | B28: Social Media Ads | C28: Digital | D28: North America | E28: Tech | F28: 9115.79 | G28: 243540 | H28: 1549 | I28: 319 | J28: 7748.4215 | K28: =(J28-F28)/F28 -> -0.15 | L28: =IF(C28="Digital",K28,"") -> -0.15 | M28: =IF(C28="Traditional",K28,"") | N28: =IF(H28>G28,"ERROR: Clicks > Impressions",IF(I28>H28,"ERROR: Conversions > Clicks","OK")) -> OK
A29: 696 | B29: Search Engine Ads | C29: Digital | D29: Europe | E29: Healthcare | F29: 3914.11 | G29: 354866 | H29: 17091 | I29: 1159 | J29: 3326.9935 | K29: =(J29-F29)/F29 -> -0.15 | L29: =IF(C29="Digital",K29,"") -> -0.15 | M29: =IF(C29="Traditional",K29,"") | N29: =IF(H29>G29,"ERROR: Clicks > Impressions",IF(I29>H29,"ERROR: Conversions > Clicks","OK")) -> OK
A30: 826 | B30: Search Engine Ads | C30: Digital | D30: Europe | E30: Education | F30: 9957.55 | G30: 736448 | H30: 9121 | I30: 502 | J30: 8463.9175 | K30: =(J30-F30)/F30 -> -0.15 | L30: =IF(C30="Digital",K30,"") -> -0.15 | M30: =IF(C30="Traditional",K30,"") | N30: =IF(H30>G30,"ERROR: Clicks > Impressions",IF(I30>H30,"ERROR: Conversions > Clicks","OK")) -> OK
A31: 81 | B31: Radio Ads | C31: Traditional | D31: Asia | E31: Healthcare | F31: 10503.74 | G31: 40099 | H31: 6723 | I31: 220 | J31: 8928.179 | K31: =(J31-F31)/F31 -> -0.15 | L31: =IF(C31="Digital",K31,"") | M31: =IF(C31="Traditional",K31,"") -> -0.15 | N31: =IF(H31>G31,"ERROR: Clicks > Impressions",IF(I31>H31,"ERROR: Conversions > Clicks","OK")) -> OK
A32: 288 | B32: Influencer Marketing | C32: Digital | D32: South America | E32: Healthcare | F32: 16305.11 | G32: 438276 | H32: 2540 | I32: 1563 | J32: 13859.344 | K32: =(J32-F32)/F32 -> -0.15 | L32: =IF(C32="Digital",K32,"") -> -0.15 | M32: =IF(C32="Traditional",K32,"") | N32: =IF(H32>G32,"ERROR: Clicks > Impressions",IF(I32>H32,"ERROR: Conversions > Clicks","OK")) -> OK
A33: 999 | B33: Content Marketing | C33: Digital | D33: Oceania | E33: Education | F33: 38881.36 | G33: 983737 | H33: 12272 | I33: 1531 | J33: 33437.97 | K33: =(J33-F33)/F33 -> -0.14 | L33: =IF(C33="Digital",K33,"") -> -0.14 | M33: =IF(C33="Traditional",K33,"") | N33: =IF(H33>G33,"ERROR: Clicks > Impressions",IF(I33>H33,"ERROR: Conversions > Clicks","OK")) -> OK
A34: 20 | B34: TV Commercials | C34: Traditional | D34: Europe | E34: Education | F34: 24242.47 | G34: 291854 | H34: 16854 | I34: 1888 | J34: 20848.524 | K34: =(J34-F34)/F34 -> -0.14 | L34: =IF(C34="Digital",K34,"") | M34: =IF(C34="Traditional",K34,"") -> -0.14 | N34: =IF(H34>G34,"ERROR: Clicks > Impressions",IF(I34>H34,"ERROR: Conversions > Clicks","OK")) -> OK
... A1001: 890 | B1001: Social Media Ads | C1001: Digital | D1001: Europe | E1001: Tech | F1001: 11770.46 | G1001: 571693 | H1001: 7598 | I1001: 1188 | J1001: 29426.15 | K1001: =(J1001-F1001)/F1001 -> 1.5 | L1001: =IF(C1001="Digital",K1001,"") -> 1.5 | M1001: =IF(C1001="Traditional",K1001,"") | N1001: =IF(H1001>G1001,"ERROR: Clicks > Impressions",IF(I1001>H1001,"ERROR: Conversions > Clicks","OK")) -> OK

Sheet TTest Output
A1: t-Test: Two-Sample Assuming Unequal Variances
B3: Digital ROI | C3: Traditional ROI
A4: Mean | B4: 0.62120611 | C4: 0.69295652
A5: Variance | B5: 0.23506414 | C5: 0.23374007
A6: Observations | B6: 655 | C6: 345
A7: Hypothesized Mean Difference | B7: 0
A8: df | B8: 701
A9: t Stat | B9: -2.2287639
A10: P(T<=t) one-tail | B10: 0.01307295
A11: t Critical one-tail | B11: 1.6470302
A12: P(T<=t) two-tail | B12: 0.0261459
A13: t Critical two-tail | B13: 1.9633539

Sheet TTest sheet
A1: Digital ROI | B1: Traditional ROI
A2: {=IFERROR(INDEX('Row Level Master Sheet'!$K$2:$K$1001,_xlfn.AGGREGATE(15,6,(ROW('Row Level Master Sheet'!$K$2:$K$1001)-ROW('Row Level Master Sheet'!$K$2)+1)/('Row Level Master Sheet'!$C$2:$C$1001="Digital"),ROWS($A$2:A2))),"")} -> -0.2 | B2: {=IFERROR(INDEX('Row Level Master Sheet'!$K$2:$K$1001,_xlfn.AGGREGATE(15,6,(ROW('Row Level Master Sheet'!$K$2:$K$1001)-ROW('Row Level Master Sheet'!$K$2)+1)/('Row Level Master Sheet'!$C$2:$C$1001="Traditional"),ROWS($B$2:B2))),"")} -> -0.2
A3: {=IFERROR(INDEX('Row Level Master Sheet'!$K$2:$K$1001,_xlfn.AGGREGATE(15,6,(ROW('Row Level Master Sheet'!$K$2:$K$1001)-ROW('Row Level Master Sheet'!$K$2)+1)/('Row Level Master Sheet'!$C$2:$C$1001="Digital"),ROWS($A$2:A3))),"")} -> -0.2 | B3: {=IFERROR(INDEX('Row Level Master Sheet'!$K$2:$K$1001,_xlfn.AGGREGATE(15,6,(ROW('Row Level Master Sheet'!$K$2:$K$1001)-ROW('Row Level Master Sheet'!$K$2)+1)/('Row Level Master Sheet'!$C$2:$C$1001="Traditional"),ROWS($B$2:B3))),"")} -> -0.19
A4: {=IFERROR(INDEX('Row Level Master Sheet'!$K$2:$K$1001,_xlfn.AGGREGATE(15,6,(ROW('Row Level Master Sheet'!$K$2:$K$1001)-ROW('Row Level Master Sheet'!$K$2)+1)/('Row Level Master Sheet'!$C$2:$C$1001="Digital"),ROWS($A$2:A4))),"")} -> -0.19 | B4: {=IFERROR(INDEX('Row Level Master Sheet'!$K$2:$K$1001,_xlfn.AGGREGATE(15,6,(ROW('Row Level Master Sheet'!$K$2:$K$1001)-ROW('Row Level Master Sheet'!$K$2)+1)/('Row Level Master Sheet'!$C$2:$C$1001="Traditional"),ROWS($B$2:B4))),"")} -> -0.19
A5: {=IFERROR(INDEX('Row Level Master Sheet'!$K$2:$K$1001,_xlfn.AGGREGATE(15,6,(ROW('Row Level Master Sheet'!$K$2:$K$1001)-ROW('Row Level Master Sheet'!$K$2)+1)/('Row Level Master Sheet'!$C$2:$C$1001="Digital"),ROWS($A$2:A5))),"")} -> -0.19 | B5: {=IFERROR(INDEX('Row Level Master Sheet'!$K$2:$K$1001,_xlfn.AGGREGATE(15,6,(ROW('Row Level Master Sheet'!$K$2:$K$1001)-ROW('Row Level Master Sheet'!$K$2)+1)/('Row Level Master Sheet'!$C$2:$C$1001="Traditional"),ROWS($B$2:B5))),"")} -> -0.18
A6: {=IFERROR(INDEX('Row Level Master Sheet'!$K$2:$K$1001,_xlfn.AGGREGATE(15,6,(ROW('Row Level Master Sheet'!$K$2:$K$1001)-ROW('Row Level Master Sheet'!$K$2)+1)/('Row Level Master Sheet'!$C$2:$C$1001="Digital"),ROWS($A$2:A6))),"")} -> -0.19 | B6: {=IFERROR(INDEX('Row Level Master Sheet'!$K$2:$K$1001,_xlfn.AGGREGATE(15,6,(ROW('Row Level Master Sheet'!$K$2:$K$1001)-ROW('Row Level Master Sheet'!$K$2)+1)/('Row Level Master Sheet'!$C$2:$C$1001="Traditional"),ROWS($B$2:B6))),"")} -> -0.18
A7: {=IFERROR(INDEX('Row Level Master Sheet'!$K$2:$K$1001,_xlfn.AGGREGATE(15,6,(ROW('Row Level Master Sheet'!$K$2:$K$1001)-ROW('Row Level Master Sheet'!$K$2)+1)/('Row Level Master Sheet'!$C$2:$C$1001="Digital"),ROWS($A$2:A7))),"")} -> -0.19 | B7: {=IFERROR(INDEX('Row Level Master Sheet'!$K$2:$K$1001,_xlfn.AGGREGATE(15,6,(ROW('Row Level Master Sheet'!$K$2:$K$1001)-ROW('Row Level Master Sheet'!$K$2)+1)/('Row Level Master Sheet'!$C$2:$C$1001="Traditional"),ROWS($B$2:B7))),"")} -> -0.17
A8: {=IFERROR(INDEX('Row Level Master Sheet'!$K$2:$K$1001,_xlfn.AGGREGATE(15,6,(ROW('Row Level Master Sheet'!$K$2:$K$1001)-ROW('Row Level Master Sheet'!$K$2)+1)/('Row Level Master Sheet'!$C$2:$C$1001="Digital"),ROWS($A$2:A8))),"")} -> -0.18 | B8: {=IFERROR(INDEX('Row Level Master Sheet'!$K$2:$K$1001,_xlfn.AGGREGATE(15,6,(ROW('Row Level Master Sheet'!$K$2:$K$1001)-ROW('Row Level Master Sheet'!$K$2)+1)/('Row Level Master Sheet'!$C$2:$C$1001="Traditional"),ROWS($B$2:B8))),"")} -> -0.16
A9: {=IFERROR(INDEX('Row Level Master Sheet'!$K$2:$K$1001,_xlfn.AGGREGATE(15,6,(ROW('Row Level Master Sheet'!$K$2:$K$1001)-ROW('Row Level Master Sheet'!$K$2)+1)/('Row Level Master Sheet'!$C$2:$C$1001="Digital"),ROWS($A$2:A9))),"")} -> -0.18 | B9: {=IFERROR(INDEX('Row Level Master Sheet'!$K$2:$K$1001,_xlfn.AGGREGATE(15,6,(ROW('Row Level Master Sheet'!$K$2:$K$1001)-ROW('Row Level Master Sheet'!$K$2)+1)/('Row Level Master Sheet'!$C$2:$C$1001="Traditional"),ROWS($B$2:B9))),"")} -> -0.16
A10: {=IFERROR(INDEX('Row Level Master Sheet'!$K$2:$K$1001,_xlfn.AGGREGATE(15,6,(ROW('Row Level Master Sheet'!$K$2:$K$1001)-ROW('Row Level Master Sheet'!$K$2)+1)/('Row Level Master Sheet'!$C$2:$C$1001="Digital"),ROWS($A$2:A10))),"")} -> -0.18 | B10: {=IFERROR(INDEX('Row Level Master Sheet'!$K$2:$K$1001,_xlfn.AGGREGATE(15,6,(ROW('Row Level Master Sheet'!$K$2:$K$1001)-ROW('Row Level Master Sheet'!$K$2)+1)/('Row Level Master Sheet'!$C$2:$C$1001="Traditional"),ROWS($B$2:B10))),"")} -> -0.15
A11: {=IFERROR(INDEX('Row Level Master Sheet'!$K$2:$K$1001,_xlfn.AGGREGATE(15,6,(ROW('Row Level Master Sheet'!$K$2:$K$1001)-ROW('Row Level Master Sheet'!$K$2)+1)/('Row Level Master Sheet'!$C$2:$C$1001="Digital"),ROWS($A$2:A11))),"")} -> -0.18 | B11: {=IFERROR(INDEX('Row Level Master Sheet'!$K$2:$K$1001,_xlfn.AGGREGATE(15,6,(ROW('Row Level Master Sheet'!$K$2:$K$1001)-ROW('Row Level Master Sheet'!$K$2)+1)/('Row Level Master Sheet'!$C$2:$C$1001="Traditional"),ROWS($B$2:B11))),"")} -> -0.14
A12: {=IFERROR(INDEX('Row Level Master Sheet'!$K$2:$K$1001,_xlfn.AGGREGATE(15,6,(ROW('Row Level Master Sheet'!$K$2:$K$1001)-ROW('Row Level Master Sheet'!$K$2)+1)/('Row Level Master Sheet'!$C$2:$C$1001="Digital"),ROWS($A$2:A12))),"")} -> -0.17 | B12: {=IFERROR(INDEX('Row Level Master Sheet'!$K$2:$K$1001,_xlfn.AGGREGATE(15,6,(ROW('Row Level Master Sheet'!$K$2:$K$1001)-ROW('Row Level Master Sheet'!$K$2)+1)/('Row Level Master Sheet'!$C$2:$C$1001="Traditional"),ROWS($B$2:B12))),"")} -> -0.14
A13: {=IFERROR(INDEX('Row Level Master Sheet'!$K$2:$K$1001,_xlfn.AGGREGATE(15,6,(ROW('Row Level Master Sheet'!$K$2:$K$1001)-ROW('Row Level Master Sheet'!$K$2)+1)/('Row Level Master Sheet'!$C$2:$C$1001="Digital"),ROWS($A$2:A13))),"")} -> -0.17 | B13: {=IFERROR(INDEX('Row Level Master Sheet'!$K$2:$K$1001,_xlfn.AGGREGATE(15,6,(ROW('Row Level Master Sheet'!$K$2:$K$1001)-ROW('Row Level Master Sheet'!$K$2)+1)/('Row Level Master Sheet'!$C$2:$C$1001="Traditional"),ROWS($B$2:B13))),"")} -> -0.14
... A1033: {=IFERROR(INDEX('Row Level Master Sheet'!$K$2:$K$1001,_xlfn.AGGREGATE(15,6,(ROW('Row Level Master Sheet'!$K$2:$K$1001)-ROW('Row Level Master Sheet'!$K$2)+1)/('Row Level Master Sheet'!$C$2:$C$1001="Digital"),ROWS($A$2:A1033))),"")} | B1033: {=IFERROR(INDEX('Row Level Master Sheet'!$K$2:$K$1001,_xlfn.AGGREGATE(15,6,(ROW('Row Level Master Sheet'!$K$2:$K$1001)-ROW('Row Level Master Sheet'!$K$2)+1)/('Row Level Master Sheet'!$C$2:$C$1001="Traditional"),ROWS($B$2:B1033))),"")}

Sheet By campaign KPIs
A1: CampaignName | B1: total_spend | C1: total_revenue | D1: total_impressions | E1: total_clicks | F1: total_conversions | G1: roi | H1: roas | I1: ctr | J1: conversion_rate | K1: cpc | L1: cpa
A2: TV Commercials | B2: =SUMIFS('Row Level Master Sheet'!F:F,'Row Level Master Sheet'!B:B,A2) -> 2972110.9 | C2: =SUMIFS('Row Level Master Sheet'!J:J,'Row Level Master Sheet'!B:B,A2) -> 5076911 | D2: =SUMIFS('Row Level Master Sheet'!G:G,'Row Level Master Sheet'!B:B,A2) -> 57924476 | E2: =SUMIFS('Row Level Master Sheet'!H:H,'Row Level Master Sheet'!B:B,A2) -> 1171326 | F2: =SUMIFS('Row Level Master Sheet'!I:I,'Row Level Master Sheet'!B:B,A2) -> 120974 | G2: =(C2-B2)/B2 -> 0.70818357 | H2: =C2/B2 -> 1.7081836 | I2: =E2/D2 -> 0.020221607 | J2: =F2/E2 -> 0.10327953 | K2: =B2/E2 -> 2.53739 | L2: =B2/F2 -> 24.568179
A3: Social Media Ads | B3: =SUMIFS('Row Level Master Sheet'!F:F,'Row Level Master Sheet'!B:B,A3) -> 3538080 | C3: =SUMIFS('Row Level Master Sheet'!J:J,'Row Level Master Sheet'!B:B,A3) -> 5919219.2 | D3: =SUMIFS('Row Level Master Sheet'!G:G,'Row Level Master Sheet'!B:B,A3) -> 63108811 | E3: =SUMIFS('Row Level Master Sheet'!H:H,'Row Level Master Sheet'!B:B,A3) -> 1350297 | F3: =SUMIFS('Row Level Master Sheet'!I:I,'Row Level Master Sheet'!B:B,A3) -> 146424 | G3: =(C3-B3)/B3 -> 0.67300321 | H3: =C3/B3 -> 1.6730032 | I3: =E3/D3 -> 0.021396331 | J3: =F3/E3 -> 0.10843837 | K3: =B3/E3 -> 2.6202236 | L3: =B3/F3 -> 24.163252
A4: Search Engine Ads | B4: =SUMIFS('Row Level Master Sheet'!F:F,'Row Level Master Sheet'!B:B,A4) -> 3855453.4 | C4: =SUMIFS('Row Level Master Sheet'!J:J,'Row Level Master Sheet'!B:B,A4) -> 6291030.9 | D4: =SUMIFS('Row Level Master Sheet'!G:G,'Row Level Master Sheet'!B:B,A4) -> 74564234 | E4: =SUMIFS('Row Level Master Sheet'!H:H,'Row Level Master Sheet'!B:B,A4) -> 1605817 | F4: =SUMIFS('Row Level Master Sheet'!I:I,'Row Level Master Sheet'!B:B,A4) -> 149125 | G4: =(C4-B4)/B4 -> 0.63172272 | H4: =C4/B4 -> 1.6317227 | I4: =E4/D4 -> 0.021536022 | J4: =F4/E4 -> 0.092865501 | K4: =B4/E4 -> 2.4009295 | L4: =B4/F4 -> 25.853837
A5: Radio Ads | B5: =SUMIFS('Row Level Master Sheet'!F:F,'Row Level Master Sheet'!B:B,A5) -> 3072353.9 | C5: =SUMIFS('Row Level Master Sheet'!J:J,'Row Level Master Sheet'!B:B,A5) -> 5342216.8 | D5: =SUMIFS('Row Level Master Sheet'!G:G,'Row Level Master Sheet'!B:B,A5) -> 58288464 | E5: =SUMIFS('Row Level Master Sheet'!H:H,'Row Level Master Sheet'!B:B,A5) -> 1099911 | F5: =SUMIFS('Row Level Master Sheet'!I:I,'Row Level Master Sheet'!B:B,A5) -> 126583 | G5: =(C5-B5)/B5 -> 0.73880257 | H5: =C5/B5 -> 1.7388026 | I5: =E5/D5 -> 0.018870132 | J5: =F5/E5 -> 0.11508477 | K5: =B5/E5 -> 2.793275 | L5: =B5/F5 -> 24.271457
A6: Influencer Marketing | B6: =SUMIFS('Row Level Master Sheet'!F:F,'Row Level Master Sheet'!B:B,A6) -> 3110907.6 | C6: =SUMIFS('Row Level Master Sheet'!J:J,'Row Level Master Sheet'!B:B,A6) -> 4954929 | D6: =SUMIFS('Row Level Master Sheet'!G:G,'Row Level Master Sheet'!B:B,A6) -> 61983418 | E6: =SUMIFS('Row Level Master Sheet'!H:H,'Row Level Master Sheet'!B:B,A6) -> 1279430 | F6: =SUMIFS('Row Level Master Sheet'!I:I,'Row Level Master Sheet'!B:B,A6) -> 131693 | G6: =(C6-B6)/B6 -> 0.59275993 | H6: =C6/B6 -> 1.5927599 | I6: =E6/D6 -> 0.020641488 | J6: =F6/E6 -> 0.10293099 | K6: =B6/E6 -> 2.4314794 | L6: =B6/F6 -> 23.622422
A7: Email Marketing | B7: =SUMIFS('Row Level Master Sheet'!F:F,'Row Level Master Sheet'!B:B,A7) -> 2997302.3 | C7: =SUMIFS('Row Level Master Sheet'!J:J,'Row Level Master Sheet'!B:B,A7) -> 4757976.2 | D7: =SUMIFS('Row Level Master Sheet'!G:G,'Row Level Master Sheet'!B:B,A7) -> 59000835 | E7: =SUMIFS('Row Level Master Sheet'!H:H,'Row Level Master Sheet'!B:B,A7) -> 1152933 | F7: =SUMIFS('Row Level Master Sheet'!I:I,'Row Level Master Sheet'!B:B,A7) -> 115739 | G7: =(C7-B7)/B7 -> 0.58741954 | H7: =C7/B7 -> 1.5874195 | I7: =E7/D7 -> 0.019540961 | J7: =F7/E7 -> 0.10038658 | K7: =B7/E7 -> 2.5997194 | L7: =B7/F7 -> 25.897081
A8: Content Marketing | B8: =SUMIFS('Row Level Master Sheet'!F:F,'Row Level Master Sheet'!B:B,A8) -> 3364642.4 | C8: =SUMIFS('Row Level Master Sheet'!J:J,'Row Level Master Sheet'!B:B,A8) -> 5452013.8 | D8: =SUMIFS('Row Level Master Sheet'!G:G,'Row Level Master Sheet'!B:B,A8) -> 77300836 | E8: =SUMIFS('Row Level Master Sheet'!H:H,'Row Level Master Sheet'!B:B,A8) -> 1393275 | F8: =SUMIFS('Row Level Master Sheet'!I:I,'Row Level Master Sheet'!B:B,A8) -> 135265 | G8: =(C8-B8)/B8 -> 0.62038431 | H8: =C8/B8 -> 1.6203843 | I8: =E8/D8 -> 0.018024061 | J8: =F8/E8 -> 0.097084208 | K8: =B8/E8 -> 2.4149162 | L8: =B8/F8 -> 24.87445
A9: Billboards | B9: =SUMIFS('Row Level Master Sheet'!F:F,'Row Level Master Sheet'!B:B,A9) -> 2783563.7 | C9: =SUMIFS('Row Level Master Sheet'!J:J,'Row Level Master Sheet'!B:B,A9) -> 4746278.6 | D9: =SUMIFS('Row Level Master Sheet'!G:G,'Row Level Master Sheet'!B:B,A9) -> 51086897 | E9: =SUMIFS('Row Level Master Sheet'!H:H,'Row Level Master Sheet'!B:B,A9) -> 1202252 | F9: =SUMIFS('Row Level Master Sheet'!I:I,'Row Level Master Sheet'!B:B,A9) -> 118476 | G9: =(C9-B9)/B9 -> 0.70510864 | H9: =C9/B9 -> 1.7051086 | I9: =E9/D9 -> 0.023533471 | J9: =F9/E9 -> 0.098545064 | K9: =B9/E9 -> 2.3152914 | L9: =B9/F9 -> 23.494748
L10: =IFERROR(B10/F10,"")

Sheet By region KPIs
A1: region | B1: total_spend | C1: total_revenue | D1: roi | E1: roas | F1: ctr | G1: conversion_rate
A2: Africa | B2: =SUMIFS('Row Level Master Sheet'!F:F,'Row Level Master Sheet'!D:D,'By region KPIs'!A2) -> 5057866.4 | C2: =SUMIFS('Row Level Master Sheet'!J:J,'Row Level Master Sheet'!D:D,'By region KPIs'!A2) -> 8606148.8 | D2: =(C2-B2)/B2 -> 0.70153739 | E2: =C2/B2 -> 1.7015374 | F2: =IFERROR( SUMIFS('Row Level Master Sheet'!H:H,'Row Level Master Sheet'!D:D,A2)/ SUMIFS('Row Level Master Sheet'!G:G,'Row Level Master Sheet'!D:D,A2), "") -> 0.020157146 | G2: =IFERROR( SUMIFS('Row Level Master Sheet'!I:I,'Row Level Master Sheet'!D:D,A2)/ SUMIFS('Row Level Master Sheet'!H:H,'Row Level Master Sheet'!D:D,A2), "") -> 0.10620916
A3: North America | B3: =SUMIFS('Row Level Master Sheet'!F:F,'Row Level Master Sheet'!D:D,'By region KPIs'!A3) -> 4469221.5 | C3: =SUMIFS('Row Level Master Sheet'!J:J,'Row Level Master Sheet'!D:D,'By region KPIs'!A3) -> 7511004.9 | D3: =(C3-B3)/B3 -> 0.68060699 | E3: =C3/B3 -> 1.680607 | F3: =IFERROR( SUMIFS('Row Level Master Sheet'!H:H,'Row Level Master Sheet'!D:D,A3)/ SUMIFS('Row Level Master Sheet'!G:G,'Row Level Master Sheet'!D:D,A3), "") -> 0.019902218 | G3: =IFERROR( SUMIFS('Row Level Master Sheet'!I:I,'Row Level Master Sheet'!D:D,A3)/ SUMIFS('Row Level Master Sheet'!H:H,'Row Level Master Sheet'!D:D,A3), "") -> 0.1095822
A4: South America | B4: =SUMIFS('Row Level Master Sheet'!F:F,'Row Level Master Sheet'!D:D,'By region KPIs'!A4) -> 3210216.7 | C4: =SUMIFS('Row Level Master Sheet'!J:J,'Row Level Master Sheet'!D:D,'By region KPIs'!A4) -> 5386555.7 | D4: =(C4-B4)/B4 -> 0.67794144 | E4: =C4/B4 -> 1.6779414 | F4: =IFERROR( SUMIFS('Row Level Master Sheet'!H:H,'Row Level Master Sheet'!D:D,A4)/ SUMIFS('Row Level Master Sheet'!G:G,'Row Level Master Sheet'!D:D,A4), "") -> 0.021143979 | G4: =IFERROR( SUMIFS('Row Level Master Sheet'!I:I,'Row Level Master Sheet'!D:D,A4)/ SUMIFS('Row Level Master Sheet'!H:H,'Row Level Master Sheet'!D:D,A4), "") -> 0.091238692
A5: Europe | B5: =SUMIFS('Row Level Master Sheet'!F:F,'Row Level Master Sheet'!D:D,'By region KPIs'!A5) -> 4290993.9 | C5: =SUMIFS('Row Level Master Sheet'!J:J,'Row Level Master Sheet'!D:D,'By region KPIs'!A5) -> 7025102.3 | D5: =(C5-B5)/B5 -> 0.63717369 | E5: =C5/B5 -> 1.6371737 | F5: =IFERROR( SUMIFS('Row Level Master Sheet'!H:H,'Row Level Master Sheet'!D:D,A5)/ SUMIFS('Row Level Master Sheet'!G:G,'Row Level Master Sheet'!D:D,A5), "") -> 0.020120673 | G5: =IFERROR( SUMIFS('Row Level Master Sheet'!I:I,'Row Level Master Sheet'!D:D,A5)/ SUMIFS('Row Level Master Sheet'!H:H,'Row Level Master Sheet'!D:D,A5), "") -> 0.08998694
A6: Asia | B6: =SUMIFS('Row Level Master Sheet'!F:F,'Row Level Master Sheet'!D:D,'By region KPIs'!A6) -> 4544602.4 | C6: =SUMIFS('Row Level Master Sheet'!J:J,'Row Level Master Sheet'!D:D,'By region KPIs'!A6) -> 7392217.3 | D6: =(C6-B6)/B6 -> 0.62659275 | E6: =C6/B6 -> 1.6265927 | F6: =IFERROR( SUMIFS('Row Level Master Sheet'!H:H,'Row Level Master Sheet'!D:D,A6)/ SUMIFS('Row Level Master Sheet'!G:G,'Row Level Master Sheet'!D:D,A6), "") -> 0.021814798 | G6: =IFERROR( SUMIFS('Row Level Master Sheet'!I:I,'Row Level Master Sheet'!D:D,A6)/ SUMIFS('Row Level Master Sheet'!H:H,'Row Level Master Sheet'!D:D,A6), "") -> 0.10335066
A7: Oceania | B7: =SUMIFS('Row Level Master Sheet'!F:F,'Row Level Master Sheet'!D:D,'By region KPIs'!A7) -> 4121513.3 | C7: =SUMIFS('Row Level Master Sheet'!J:J,'Row Level Master Sheet'!D:D,'By region KPIs'!A7) -> 6619546.5 | D7: =(C7-B7)/B7 -> 0.60609612 | E7: =C7/B7 -> 1.6060961 | F7: =IFERROR( SUMIFS('Row Level Master Sheet'!H:H,'Row Level Master Sheet'!D:D,A7)/ SUMIFS('Row Level Master Sheet'!G:G,'Row Level Master Sheet'!D:D,A7), "") -> 0.019420264 | G7: =IFERROR( SUMIFS('Row Level Master Sheet'!I:I,'Row Level Master Sheet'!D:D,A7)/ SUMIFS('Row Level Master Sheet'!H:H,'Row Level Master Sheet'!D:D,A7), "") -> 0.10797135

Sheet By industry KPIs
A1: industry | B1: total_spend | C1: total_revenue | D1: roi | E1: roas | F1: ctr | G1: conversion_rate
A2: Finance | B2: =SUMIFS('Row Level Master Sheet'!F:F,'Row Level Master Sheet'!E:E,A2) -> 4212996.4 | C2: =SUMIFS('Row Level Master Sheet'!J:J,'Row Level Master Sheet'!E:E,A2) -> 7359742.2 | D2: =(C2-B2)/B2 -> 0.74691394 | E2: =C2/B2 -> 1.7469139 | F2: =SUMIFS('Row Level Master Sheet'!H:H,'Row Level Master Sheet'!E:E,A2)/ SUMIFS('Row Level Master Sheet'!G:G,'Row Level Master Sheet'!E:E,A2) -> 0.019131023 | G2: =SUMIFS('Row Level Master Sheet'!I:I,'Row Level Master Sheet'!E:E,A2)/ SUMIFS('Row Level Master Sheet'!H:H,'Row Level Master Sheet'!E:E,A2) -> 0.11069776
A3: Retail | B3: =SUMIFS('Row Level Master Sheet'!F:F,'Row Level Master Sheet'!E:E,A3) -> 4042302.6 | C3: =SUMIFS('Row Level Master Sheet'!J:J,'Row Level Master Sheet'!E:E,A3) -> 6785187.4 | D3: =(C3-B3)/B3 -> 0.67854514 | E3: =C3/B3 -> 1.6785451 | F3: =SUMIFS('Row Level Master Sheet'!H:H,'Row Level Master Sheet'!E:E,A3)/ SUMIFS('Row Level Master Sheet'!G:G,'Row Level Master Sheet'!E:E,A3) -> 0.022925286 | G3: =SUMIFS('Row Level Master Sheet'!I:I,'Row Level Master Sheet'!E:E,A3)/ SUMIFS('Row Level Master Sheet'!H:H,'Row Level Master Sheet'!E:E,A3) -> 0.090239787
A4: Automotive | B4: =SUMIFS('Row Level Master Sheet'!F:F,'Row Level Master Sheet'!E:E,A4) -> 4150359.6 | C4: =SUMIFS('Row Level Master Sheet'!J:J,'Row Level Master Sheet'!E:E,A4) -> 6876827.9 | D4: =(C4-B4)/B4 -> 0.65692337 | E4: =C4/B4 -> 1.6569234 | F4: =SUMIFS('Row Level Master Sheet'!H:H,'Row Level Master Sheet'!E:E,A4)/ SUMIFS('Row Level Master Sheet'!G:G,'Row Level Master Sheet'!E:E,A4) -> 0.018871709 | G4: =SUMIFS('Row Level Master Sheet'!I:I,'Row Level Master Sheet'!E:E,A4)/ SUMIFS('Row Level Master Sheet'!H:H,'Row Level Master Sheet'!E:E,A4) -> 0.091660792
A5: Education | B5: =SUMIFS('Row Level Master Sheet'!F:F,'Row Level Master Sheet'!E:E,A5) -> 4833934.9 | C5: =SUMIFS('Row Level Master Sheet'!J:J,'Row Level Master Sheet'!E:E,A5) -> 7964080.6 | D5: =(C5-B5)/B5 -> 0.64753575 | E5: =C5/B5 -> 1.6475358 | F5: =SUMIFS('Row Level Master Sheet'!H:H,'Row Level Master Sheet'!E:E,A5)/ SUMIFS('Row Level Master Sheet'!G:G,'Row Level Master Sheet'!E:E,A5) -> 0.021887214 | G5: =SUMIFS('Row Level Master Sheet'!I:I,'Row Level Master Sheet'!E:E,A5)/ SUMIFS('Row Level Master Sheet'!H:H,'Row Level Master Sheet'!E:E,A5) -> 0.10855271
A6: Tech | B6: =SUMIFS('Row Level Master Sheet'!F:F,'Row Level Master Sheet'!E:E,A6) -> 3833333.2 | C6: =SUMIFS('Row Level Master Sheet'!J:J,'Row Level Master Sheet'!E:E,A6) -> 6196118.9 | D6: =(C6-B6)/B6 -> 0.61637889 | E6: =C6/B6 -> 1.6163789 | F6: =SUMIFS('Row Level Master Sheet'!H:H,'Row Level Master Sheet'!E:E,A6)/ SUMIFS('Row Level Master Sheet'!G:G,'Row Level Master Sheet'!E:E,A6) -> 0.01950318 | G6: =SUMIFS('Row Level Master Sheet'!I:I,'Row Level Master Sheet'!E:E,A6)/ SUMIFS('Row Level Master Sheet'!H:H,'Row Level Master Sheet'!E:E,A6) -> 0.1067786
A7: Healthcare | B7: =SUMIFS('Row Level Master Sheet'!F:F,'Row Level Master Sheet'!E:E,A7) -> 4621487.5 | C7: =SUMIFS('Row Level Master Sheet'!J:J,'Row Level Master Sheet'!E:E,A7) -> 7358618.6 | D7: =(C7-B7)/B7 -> 0.59226195 | E7: =C7/B7 -> 1.5922619 | F7: =SUMIFS('Row Level Master Sheet'!H:H,'Row Level Master Sheet'!E:E,A7)/ SUMIFS('Row Level Master Sheet'!G:G,'Row Level Master Sheet'!E:E,A7) -> 0.020252258 | G7: =SUMIFS('Row Level Master Sheet'!I:I,'Row Level Master Sheet'!E:E,A7)/ SUMIFS('Row Level Master Sheet'!H:H,'Row Level Master Sheet'!E:E,A7) -> 0.10394061

Sheet Traditional vs digital
A1: type | B1: total_spend | C1: total_revenue | D1: roi
A2: Traditional | B2: =SUMIFS('Row Level Master Sheet'!F:F,'Row Level Master Sheet'!C:C,A2) -> 8828028.5 | C2: =SUMIFS('Row Level Master Sheet'!J:J,'Row Level Master Sheet'!C:C,A2) -> 15165406 | D2: =(C2-B2)/B2 -> 0.71787012
A3: Digital | B3: =SUMIFS('Row Level Master Sheet'!F:F,'Row Level Master Sheet'!C:C,A3) -> 16866386 | C3: =SUMIFS('Row Level Master Sheet'!J:J,'Row Level Master Sheet'!C:C,A3) -> 27375169 | D3: =(C3-B3)/B3 -> 0.62306078

Sheet Best 5
A1: CampaignID | B1: campaignname | C1: region | D1: industry | E1: spend | F1: revenue | G1: roi
A2: 518 | B2: Billboards | C2: Asia | D2: Automotive | E2: 43281.14 | F2: 108202.85 | G2: =(F2-E2)/E2 -> 1.5
A3: 890 | B3: Social Media Ads | C3: Europe | D3: Tech | E3: 11770.46 | F3: 29426.15 | G3: =(F3-E3)/E3 -> 1.5
A4: 857 | B4: TV Commercials | C4: North America | D4: Finance | E4: 46609.56 | F4: 116523.9 | G4: =(F4-E4)/E4 -> 1.5
A5: 966 | B5: Social Media Ads | C5: South America | D5: Automotive | E5: 23471.3 | F5: 58678.25 | G5: =(F5-E5)/E5 -> 1.5
A6: 433 | B6: Influencer Marketing | C6: Asia | D6: Finance | E6: 14121.06 | F6: 35161.439 | G6: =(F6-E6)/E6 -> 1.49

Sheet Worst 5
A1: CampaignID | B1: campaignname | C1: region | D1: industry | E1: spend | F1: revenue | G1: roi
A2: 753 | B2: Email Marketing | C2: Oceania | D2: Retail | E2: 8114.63 | F2: 6491.704 | G2: =(F2-E2)/E2 -> -0.2
A3: 818 | B3: TV Commercials | C3: South America | D3: Automotive | E3: 3072.3 | F3: 2457.84 | G3: =(F3-E3)/E3 -> -0.2
A4: 44 | B4: Content Marketing | C4: North America | D4: Healthcare | E4: 13663.15 | F4: 10930.52 | G4: =(F4-E4)/E4 -> -0.2
A5: 604 | B5: Billboards | C5: Africa | D5: Automotive | E5: 48895.15 | F5: 39605.071 | G5: =(F5-E5)/E5 -> -0.19
A6: 779 | B6: Content Marketing | C6: South America | D6: Finance | E6: 23695.46 | F6: 19193.323 | G6: =(F6-E6)/E6 -> -0.19
